{
  "登录" : {
    "transaction" : "登录",
    "sampleCount" : 2000,
    "errorCount" : 0,
    "errorPct" : 0.0,
    "meanResTime" : 14071.209499999994,
    "medianResTime" : 13162.5,
    "minResTime" : 138.0,
    "maxResTime" : 30787.0,
    "pct1ResTime" : 25108.9,
    "pct2ResTime" : 26627.599999999988,
    "pct3ResTime" : 29270.63,
    "throughput" : 3.7535494501988445,
    "receivedKBytesPerSec" : 25.50507526805035,
    "sentKBytesPerSec" : 1.0666825097733046
  },
  "jp@gc - Dummy Sampler" : {
    "transaction" : "jp@gc - Dummy Sampler",
    "sampleCount" : 65146,
    "errorCount" : 0,
    "errorPct" : 0.0,
    "meanResTime" : 4.413056826205817,
    "medianResTime" : 1.0,
    "minResTime" : 0.0,
    "maxResTime" : 135.0,
    "pct1ResTime" : 10.0,
    "pct2ResTime" : 10.0,
    "pct3ResTime" : 11.0,
    "throughput" : 72.40858063799044,
    "receivedKBytesPerSec" : 1.3435185860564631,
    "sentKBytesPerSec" : 0.0
  },
  "获取验证码" : {
    "transaction" : "获取验证码",
    "sampleCount" : 2000,
    "errorCount" : 0,
    "errorPct" : 0.0,
    "meanResTime" : 10067.926,
    "medianResTime" : 9729.0,
    "minResTime" : 5.0,
    "maxResTime" : 23170.0,
    "pct1ResTime" : 20746.2,
    "pct2ResTime" : 21586.0,
    "pct3ResTime" : 22251.9,
    "throughput" : 3.9777642975765466,
    "receivedKBytesPerSec" : 13.345399218369316,
    "sentKBytesPerSec" : 0.5127586789844768
  },
  "Total" : {
    "transaction" : "Total",
    "sampleCount" : 264638,
    "errorCount" : 0,
    "errorPct" : 0.0,
    "meanResTime" : 4966.803697881679,
    "medianResTime" : 0.0,
    "minResTime" : 0.0,
    "maxResTime" : 30901.0,
    "pct1ResTime" : 29617.9,
    "pct2ResTime" : 30031.95,
    "pct3ResTime" : 30480.99,
    "throughput" : 285.2935374013987,
    "receivedKBytesPerSec" : 78.01793279780648,
    "sentKBytesPerSec" : 42.7885215958081
  },
  "新增商品" : {
    "transaction" : "新增商品",
    "sampleCount" : 65146,
    "errorCount" : 0,
    "errorPct" : 0.0,
    "meanResTime" : 19429.790532035502,
    "medianResTime" : 28072.0,
    "minResTime" : 72.0,
    "maxResTime" : 30901.0,
    "pct1ResTime" : 29756.0,
    "pct2ResTime" : 30036.95,
    "pct3ResTime" : 30480.99,
    "throughput" : 70.74512273919346,
    "receivedKBytesPerSec" : 21.555154584598007,
    "sentKBytesPerSec" : 42.20470971949981
  },
  "调试取样器" : {
    "transaction" : "调试取样器",
    "sampleCount" : 63173,
    "errorCount" : 0,
    "errorPct" : 0.0,
    "meanResTime" : 0.09719342124008677,
    "medianResTime" : 0.0,
    "minResTime" : 0.0,
    "maxResTime" : 197.0,
    "pct1ResTime" : 0.0,
    "pct2ResTime" : 1.0,
    "pct3ResTime" : 1.0,
    "throughput" : 70.71892103074342,
    "receivedKBytesPerSec" : 34.71586398301741,
    "sentKBytesPerSec" : 0.0
  },
  "JSR223 Sampler" : {
    "transaction" : "JSR223 Sampler",
    "sampleCount" : 67173,
    "errorCount" : 0,
    "errorPct" : 0.0,
    "meanResTime" : 0.8926056600121942,
    "medianResTime" : 0.0,
    "minResTime" : 0.0,
    "maxResTime" : 180.0,
    "pct1ResTime" : 1.0,
    "pct2ResTime" : 1.0,
    "pct3ResTime" : 1.0,
    "throughput" : 74.6228199878467,
    "receivedKBytesPerSec" : 0.0,
    "sentKBytesPerSec" : 0.0
  }
}