{
  "登录" : {
    "transaction" : "登录",
    "sampleCount" : 3000,
    "errorCount" : 208,
    "errorPct" : 6.9333334,
    "meanResTime" : 9753.881666666655,
    "medianResTime" : 9722.5,
    "minResTime" : 1.0,
    "maxResTime" : 20906.0,
    "pct1ResTime" : 14868.5,
    "pct2ResTime" : 17838.95,
    "pct3ResTime" : 20712.719999999994,
    "throughput" : 7.069519296252919,
    "receivedKBytesPerSec" : 45.779606520865684,
    "sentKBytesPerSec" : 1.878388766710576
  },
  "反序列化获取登录验证码" : {
    "transaction" : "反序列化获取登录验证码",
    "sampleCount" : 3000,
    "errorCount" : 0,
    "errorPct" : 0.0,
    "meanResTime" : 1647.2646666666706,
    "medianResTime" : 166.0,
    "minResTime" : 13.0,
    "maxResTime" : 5066.0,
    "pct1ResTime" : 4846.0,
    "pct2ResTime" : 4938.95,
    "pct3ResTime" : 5011.99,
    "throughput" : 7.245974257468788,
    "receivedKBytesPerSec" : 0.0,
    "sentKBytesPerSec" : 0.0
  },
  "获取验证码" : {
    "transaction" : "获取验证码",
    "sampleCount" : 3000,
    "errorCount" : 14,
    "errorPct" : 0.46666667,
    "meanResTime" : 4915.5686666666725,
    "medianResTime" : 3831.0,
    "minResTime" : 1.0,
    "maxResTime" : 15484.0,
    "pct1ResTime" : 11435.7,
    "pct2ResTime" : 11848.649999999998,
    "pct3ResTime" : 14958.839999999997,
    "throughput" : 7.247462180326522,
    "receivedKBytesPerSec" : 24.27729496174548,
    "sentKBytesPerSec" : 0.9298833702148631
  },
  "Total" : {
    "transaction" : "Total",
    "sampleCount" : 490643,
    "errorCount" : 19891,
    "errorPct" : 4.0540676,
    "meanResTime" : 3611.6081448222194,
    "medianResTime" : 39.0,
    "minResTime" : 0.0,
    "maxResTime" : 20906.0,
    "pct1ResTime" : 15182.0,
    "pct2ResTime" : 15534.95,
    "pct3ResTime" : 15978.960000000006,
    "throughput" : 483.0499380241977,
    "receivedKBytesPerSec" : 161.8070856703478,
    "sentKBytesPerSec" : 68.18769665872155
  },
  "随机获取编号" : {
    "transaction" : "随机获取编号",
    "sampleCount" : 161588,
    "errorCount" : 0,
    "errorPct" : 0.0,
    "meanResTime" : 24.864680545585053,
    "medianResTime" : 19.0,
    "minResTime" : 0.0,
    "maxResTime" : 387.0,
    "pct1ResTime" : 51.0,
    "pct2ResTime" : 91.0,
    "pct3ResTime" : 262.0,
    "throughput" : 161.5445445175248,
    "receivedKBytesPerSec" : 0.0,
    "sentKBytesPerSec" : 0.0
  },
  "调试取样器" : {
    "transaction" : "调试取样器",
    "sampleCount" : 158800,
    "errorCount" : 0,
    "errorPct" : 0.0,
    "meanResTime" : 11.29074307304776,
    "medianResTime" : 6.0,
    "minResTime" : 0.0,
    "maxResTime" : 368.0,
    "pct1ResTime" : 32.0,
    "pct2ResTime" : 45.0,
    "pct3ResTime" : 271.0,
    "throughput" : 163.64672505598304,
    "receivedKBytesPerSec" : 78.47509634243643,
    "sentKBytesPerSec" : 0.0
  },
  "新增会员" : {
    "transaction" : "新增会员",
    "sampleCount" : 161255,
    "errorCount" : 19669,
    "errorPct" : 12.197452,
    "meanResTime" : 10649.277889057747,
    "medianResTime" : 14268.0,
    "minResTime" : 0.0,
    "maxResTime" : 17511.0,
    "pct1ResTime" : 15462.0,
    "pct2ResTime" : 15691.95,
    "pct3ResTime" : 16045.980000000003,
    "throughput" : 162.71044492989796,
    "receivedKBytesPerSec" : 59.253462653119655,
    "sentKBytesPerSec" : 68.69196722495221
  }
}