{
  "登录" : {
    "transaction" : "登录",
    "sampleCount" : 50,
    "errorCount" : 0,
    "errorPct" : 0.0,
    "meanResTime" : 197.66000000000005,
    "medianResTime" : 204.5,
    "minResTime" : 148.0,
    "maxResTime" : 271.0,
    "pct1ResTime" : 224.9,
    "pct2ResTime" : 248.04999999999987,
    "pct3ResTime" : 271.0,
    "throughput" : 1.6929067208396817,
    "receivedKBytesPerSec" : 11.503168909768071,
    "sentKBytesPerSec" : 0.48108970289487046
  },
  "反序列化获取登录验证码" : {
    "transaction" : "反序列化获取登录验证码",
    "sampleCount" : 50,
    "errorCount" : 0,
    "errorPct" : 0.0,
    "meanResTime" : 14.5,
    "medianResTime" : 14.0,
    "minResTime" : 5.0,
    "maxResTime" : 37.0,
    "pct1ResTime" : 18.0,
    "pct2ResTime" : 28.0,
    "pct3ResTime" : 37.0,
    "throughput" : 1.7014905056829783,
    "receivedKBytesPerSec" : 0.0,
    "sentKBytesPerSec" : 0.0
  },
  "获取验证码" : {
    "transaction" : "获取验证码",
    "sampleCount" : 50,
    "errorCount" : 0,
    "errorPct" : 0.0,
    "meanResTime" : 19.120000000000005,
    "medianResTime" : 18.5,
    "minResTime" : 12.0,
    "maxResTime" : 48.0,
    "pct1ResTime" : 21.0,
    "pct2ResTime" : 26.14999999999997,
    "pct3ResTime" : 48.0,
    "throughput" : 1.6994086058051798,
    "receivedKBytesPerSec" : 5.6981967150431645,
    "sentKBytesPerSec" : 0.21906439059207394
  },
  "Total" : {
    "transaction" : "Total",
    "sampleCount" : 230,
    "errorCount" : 0,
    "errorPct" : 0.0,
    "meanResTime" : 75.83913043478262,
    "medianResTime" : 20.0,
    "minResTime" : 0.0,
    "maxResTime" : 271.0,
    "pct1ResTime" : 206.9,
    "pct2ResTime" : 215.24999999999994,
    "pct3ResTime" : 255.00999999999993,
    "throughput" : 2.324077442302251,
    "receivedKBytesPerSec" : 5.416318133993169,
    "sentKBytesPerSec" : 0.48895226420718646
  },
  "调试取样器" : {
    "transaction" : "调试取样器",
    "sampleCount" : 30,
    "errorCount" : 0,
    "errorPct" : 0.0,
    "meanResTime" : 0.03333333333333333,
    "medianResTime" : 0.0,
    "minResTime" : 0.0,
    "maxResTime" : 1.0,
    "pct1ResTime" : 0.0,
    "pct2ResTime" : 0.4499999999999993,
    "pct3ResTime" : 1.0,
    "throughput" : 1.7348059908633553,
    "receivedKBytesPerSec" : 0.6922847214190714,
    "sentKBytesPerSec" : 0.0
  },
  "新增零售" : {
    "transaction" : "新增零售",
    "sampleCount" : 50,
    "errorCount" : 0,
    "errorPct" : 0.0,
    "meanResTime" : 117.55999999999999,
    "medianResTime" : 118.0,
    "minResTime" : 81.0,
    "maxResTime" : 150.0,
    "pct1ResTime" : 127.0,
    "pct2ResTime" : 129.45,
    "pct3ResTime" : 150.0,
    "throughput" : 1.7025333696540452,
    "receivedKBytesPerSec" : 0.5669569131367475,
    "sentKBytesPerSec" : 0.9443739784799783
  }
}